text,label,url
"Any idea how to fix this? If i turn on motion blur, everything goes black. Other settings do nothing. Switching to Vulkan will make it crash on start up.",game_feedback,https://www.reddit.com/r/DeadlockTheGame/comments/1kqb596/any_idea_how_to_fix_this_if_i_turn_on_motion_blur/
"New Player experience is really bad in this game man

I dont know the MM putting me into Games where the Enemys clearly now what they are doing and there is always someone dominating the entire Game, while i see people with 15-20 Deaths in a round.. like how?? Doesnt help that normal Mode is also ranked.",game_feedback,https://www.reddit.com/r/DeadlockTheGame/comments/1sd7hsy/new_player_experience_is_really_bad_in_this_game/
"6 Months ago, Ranked matchmaking was made as the default mode. How do we still feel about this momentous change? (We also got Mo pulling, Slippery snake viper, and shiv last hitting orbs with his Daggers!)

What do you guys think about those, at the time, very controversial matchmaking changes? Was it a net positive or do you think we should have kept it the way it was? What are your opinions about the ""extra competitive matchmaking"" option that is kinda hidden? Do you think rank should even matter at this stage of development? Please share your opinions and discuss in the comments!",game_feedback,https://www.reddit.com/r/DeadlockTheGame/comments/1kq9wxy/6_months_ago_ranked_matchmaking_was_made_as_the/
"Remove camps

Neutral/jungle camps are a plague on this game, since the removal of the 4th lane people just insist on farming jungle non-stop. Walker has a huge wave incoming, where's the team? Farming camps. You're fighting 1v3 for a very prolonged period of time across the map, where's the team? Oh wait, farming camps. Enemy is doing mid boss when you're all alive. You've guessed it, half the team are farming camps. The amount of games thrown in the last 2 weeks from people refusing to leave the jungle is absolutely infuriating, this game is really fun to play but since the latest patch every single game just feels like a 45 min slog of trying to babysit your team's (lack of) map awareness and asking them to stop farming. They either need to seriously up the respawn time on the camps (at least 10/15 mins) or just remove them completely and replace with a worthwhile objective.",game_feedback,https://www.reddit.com/r/DeadlockTheGame/comments/1kq9jay/remove_camps/
"Urn mechanic needs to be reworked

This anti-snowball mechanic for “corner” urn delivery has no point when your Walkers are down. When enemy team have 30k> soul advantage with all of your Walkers destroyed there are almost no way of delivering an urn, causing you to fight for it with no advantage at all. IMO, solution is simple - add one more stage: 1. There’s no/small soul lead - urn delivery point on the sides 2. Mid soul advantage and Walkers are up - urn delivery point on corners 3. Huge soul advantage when Walkers are destroyed - urn delivery point is on your base, which cause enemy team with soul lead play in bad position. Waiting for your opinion on this.",game_feedback,https://www.reddit.com/r/DeadlockTheGame/comments/1kq8b18/urn_mechanic_needs_to_be_reworked/
low priority while living in Australia no joke it usually takes over an hour or more to finally join a 200 ping match only to get stomped in it. (yes i had it coming),game_feedback,https://www.reddit.com/r/DeadlockTheGame/comments/1kq7wco/low_priority_while_living_in_australia_no_joke_it/
Bag of holding - item idea,game_feedback,https://www.reddit.com/r/DeadlockTheGame/comments/1kq7pe8/bag_of_holding_item_idea/
Found the Curiosity Shop in Bologna! Should I upgrade to Improved Spirit or should I sell for extra slots?,game_feedback,https://www.reddit.com/r/DeadlockTheGame/comments/1kq7o2v/found_the_curiosity_shop_in_bologna_should_i/
"Deadlock Firewall

So I haven’t played in months and got prompted with a new firewall message pop up which is fine but I am just curious to know if anyone knows why some valve games just show up as “unknown publisher” on the firewall pop up? I checked the path and since the exe has changed I assume that’s why the new popup is happening but the new deadlock exe is signed by valve so I wonder why it’d show as unknown publisher.",game_feedback,https://www.reddit.com/r/DeadlockTheGame/comments/1kq68r9/deadlock_firewall/
"Early kills and guardians mean nothing

Great gameplay design!",game_feedback,https://www.reddit.com/r/DeadlockTheGame/comments/1kq4wjh/early_kills_and_guardians_mean_nothing/
"Speed hack or bug abuse?

The mcginnis was moving at max move speed and shooting the whole time. Was she hacking or just bug abuse or skill issue? Match ID: 35999435",game_feedback,https://www.reddit.com/r/DeadlockTheGame/comments/1kq4lld/speed_hack_or_bug_abuse/
"Gold Statues should gone

[a big fat vexing golden cat](https://preview.redd.it/ch09w2nd1o1f1.jpg?width=300&format=pjpg&auto=webp&s=99857c043e85c5ccf347b38472260a98d33077e1) Disclaimer: I am a casual player and I don't even know rank. These things are conflict of interest. The golden statues incentivize players to prolong the match since the buffs become apparent only in late game. With shop rework update, it becomes more difficult to leave lane and the statues are just so enchanting which is so annoying. I am sure the game will not change much if they are gone. Do you think it's a big deal if they gone ?",game_feedback,https://www.reddit.com/r/DeadlockTheGame/comments/1kq38cb/gold_statues_should_gone/
"How to stay alive longer with Ivy?

Hi! Returning player here! Found the new patch interesting enough to give it a go again and I wanted to start learning Ivy but I'm having issues staying alive a lot of the time and I feel very, very squishy all the time. Most recent match of mine I was against a Mirage on the enemy team and he was dealing tons of damage to me from afar, I'll post both of our builds below. I've mainly played lash, abrams and wraith before, could it be that I am playing too agressive here? https://preview.redd.it/nnc7nyam2o1f1.png?width=376&format=png&auto=webp&s=1351ec8c84bf405508f3ba3b48f1c0b556cb17b3 https://preview.redd.it/fw12toxp2o1f1.png?width=379&format=png&auto=webp&s=a006bd0f17b45cd53e45ec709a2c7de1ee80d985",game_feedback,https://www.reddit.com/r/DeadlockTheGame/comments/1kq362p/how_to_stay_alive_longer_with_ivy/
"Is Escalating Exposure good now?

Before the big patch everyone was saying that it was a bad item because it took too long to build the 20 stacks. Now I noticed that it's 14 stacks but the damage is the same. Do you guys think that it's still a weak T4 item? does it need a damage buff?",game_feedback,https://www.reddit.com/r/DeadlockTheGame/comments/1kq2g4f/is_escalating_exposure_good_now/
"How do you Shiv these days?

I found a great deal of success at the top of the patch with high burst spirit shiv, lifesteal and tankbuster was generally enough to sustain, but people have started actually using the anti-burst items, so Im not getting the results I was, post spirit scaling nerf. I know it's a gun meta atm, with things like spellbreaker and witchmail. Are the express-shot shivs having much luck at the moment? I originally wrote it off as a meme build and as such, I've only played 1-2 games of it, but it already feels a lot more consistent, and sustainable. I did see his winrate not really change overall on tracklock and such, but I thought it was just first week (or two) patch growing pains.",game_feedback,https://www.reddit.com/r/DeadlockTheGame/comments/1kpzuz4/how_do_you_shiv_these_days/
"Is Vortex Web the worst item?

It’s ok in theory I guess, but when buying a T4 it feels like literally everything else provides more value. On top of that, I have literally NEVER seen anyone get great use out of it since it is so situational. What are your thoughts?",game_feedback,https://www.reddit.com/r/DeadlockTheGame/comments/1kpzp2z/is_vortex_web_the_worst_item/
"FIX THE MATCHMAKING

This game is actually unplayable, I'm basically on a 15 losing streak because every random teammate I get goes 0/7 at the very least right at the start of the match. It's either the worst teammates known to man or my team going against the top 10 players in South America because the playerbase took a nosedive after a few months (which I would understand if some of those matches didn't queue me up in less than 10 seconds). I BEG OF YOU, PLEASE fix the matchmaking and how the bracket tests or whatever work, it's a damn shame because Deadlock is such an amazing game. If this shit persists on the Open Beta Deadlock is actually dead on arrival.",game_feedback,https://www.reddit.com/r/DeadlockTheGame/comments/1kpyc52/fix_the_matchmaking/
"Pause for the enemy team.

My friend and I just had two matches back-to-back where someone on the enemy team left within the first 5 minutes. Both times their teammates paused and said something like “their game/pc crashed but they’re coming back”. The pause gets cancelled and soon as the game resumes, another teammate spends their pause. They blow through all their pauses but their guy still isn’t back. It’s super obnoxious but I then have to use my pause. Because their teammate still isn’t back. But both times, after I used my pause, my own teammates seemed completely shocked about it and upset. One accused me of “throwing”. The enemy team said shit like “you’re a good one” and “big respect, Infernus” etc. Both responses are a bit strange to me though my own teammates’ most of all. Like yeah the sportsmanship angle of it is there and it’s a nice thing for the enemy team but that’s not why I’m using my pause. I’m not making the decision to be a goody-two-shoes, I’m just trying to keep the game fun which is only the case when its a fair fight. If we win a 6v5 after 30+ minutes it doesn’t really feel very satisfying. We had numbers advantage the entire time. If we lose a 6v5 after 30+ minutes it feels even worse. There are no in-game rewards so what else are we playing this shit for aside from the satisfaction of winning the match fair and square? The game becomes less fun linearly with time as the enemy team continues to fall further behind on souls. So don’t bitch at me for using my pause to wait for the enemy player to return. You should use yours too. If all 11 other players’ pauses have been spent then like whatever, that’s bad luck. But why the fuck would I want to spend the next 30-50 minutes playing at an advantage in a match with only two disappointing outcomes?",game_feedback,https://www.reddit.com/r/DeadlockTheGame/comments/1kpwvrf/pause_for_the_enemy_team/
"Matchmaking sucks

Sitting at -22... 45% w/r. I'm in the top 5 performers every game. I have winning stats in losing games. I need to gain MMR from losses where i'm the top farmer and top 5 performer. They need to give MMR to winning people on loser que teams and they need to take MMR from people who feed and perform poorly in winning games. Im sick and tired of 3 team mates with 12+ deaths when I have 3 deaths and more farm than the entire team and the team just wont fucking play together or group and they feed. Fuck.",game_feedback,https://www.reddit.com/r/DeadlockTheGame/comments/1kpwlrn/matchmaking_sucks/
"no input bug after respawn

keep getting a bug where i cant move, pause, or talk when i respawn after dying. only fix i know is restarting the game but i lose out on farm bc i cant even pause. does anyone know a fix?",game_feedback,https://www.reddit.com/r/DeadlockTheGame/comments/1kpw5r2/no_input_bug_after_respawn/
"My thoughts and questions for people that did not ask

Yo, I'm generally new to the way Reddit goes and behaves in general, so forgive me if this is not up to community standards. I've been playing this game on and off for a while since it was handing out keys. I've been through most of the patches and changes. I like to think I have fun, but now the fun is shifting into the ""under 50 percent of the time,"" bucket. My main confusion is hit boxes. Or if I'm experiencing bad client-server side issues. Vindicta gets her shot off on me when I've dodged or ran well behind a corner, like two character model widths worth of space between the corner and I. This happened to me three times yesterday. I thought it would be just the finicky dodge and slide mechanics in relation to hit registration that contributes to dodging behind a wall, but sometimes I'm behind the fuckin wall haha. Today, Bebop's claw ripped me around a corner so many times in the last game, I stopped counting. I have clips of all these, I should just upload them. I've watched them back many times just scratching my head. The cord for his claw was fucking bent like an obtuse angle. Like road hog pre nerf shit. I'm not good enough to necessarily complain about balance issues, but I feel like I play consistently enough to notice that Paradox hurts really bad right now. And Calico scared the piss out of me. I know there is always something I could be doing better. I make erroneous errors a lot in this game. But right now it just feels like a deterrence for me to actually put the time in to sort some of this stuff out. I'll keep taking stabs at it and learning and watching videos, but I just kind of wanted to see if anyone else had some insight or if I should just suck it up and get with the program.",game_feedback,https://www.reddit.com/r/DeadlockTheGame/comments/1kpvxj1/my_thoughts_and_questions_for_people_that_did_not/
"Wraith is a bit overtuned?

https://preview.redd.it/9lblomn56m1f1.png?width=1051&format=png&auto=webp&s=f7da63b508ca21e350d5bbe29b6beb772e787028 Eternus stats from the most recent update/patch. If a character has 60% winrate and 70% pick rate in the absolute peak pinnacle top super duper rank at what point do we accept that fire rate / gun in general got overbuffed and this fraud character is OP af? She has point and click / no aim on 4/4 of her abilities. She's the Seven of the 3 lane map patch, just out of control OP. Can we get a Knockdown on her plz? How would you guys fix her? I feel like she needs a kit re-work quite frankly she was serviceable to onboard normies into the game like Seven but its just gotten out of control now.",game_feedback,https://www.reddit.com/r/DeadlockTheGame/comments/1kpvxey/wraith_is_a_bit_overtuned/
"my brain cells during an exam

these dudes were doing this all game lmao",game_feedback,https://www.reddit.com/r/DeadlockTheGame/comments/1kpvvj0/my_brain_cells_during_an_exam/
"What objectives would you like to see?

In the current state of the game, beyond traditional lane, midboss/rush and runes/bridge buff elements, there aren't really any deadlock unique objectives. What kind of Objectives would you guys like to see introduced to the game?",game_feedback,https://www.reddit.com/r/DeadlockTheGame/comments/1kpviun/what_objectives_would_you_like_to_see/
"Which hero can carry when solo queueing?

Solo queuing is a difficult experience. Which heroes are easiest to take over a game with while solo queueing? My first thought is Lady Geist, because when she gets ahead on souls, she can output great AoE damage from her 1 and the dueling potential is there with her ult and the life drain from her 2. Thanks for the discussion in advance!",game_feedback,https://www.reddit.com/r/DeadlockTheGame/comments/1kpvgzr/which_hero_can_carry_when_solo_queueing/
"Observations of a returning player

As a returning player, last I played more than a test round was in uhhh December? I have a Christmas skin(?) idk... But I've been active since the shop update and I love how the game evolved My first observation is that the games are much longer and exhausting. The average game for me right now is roughly an hour. That's super long for this high octane, crazy action and seemingly fast paced game. I always feel kind of exhausted after a round, and stressed too. Do we think this length is intentional? Is this supposed to be a game where you have to commit an hour for a game or have we heard something else? And the matchmaking as well, how many players are there? Cause I know I'm not a good player at all, I think I'm in the third lowest skill bracket, die blue one. But my teammates and enemies ignore all buffs, never do the lottery thing correctly, don't farm boxes and urns when they spawn, they buy the cultist sacrifice and use it on wave creeps etc. Like these small things that logically are pretty basic things, they don't do them. Is matchmaking and the player base so thin that I'm being matchmaked with completely new players? Or does me not being in a higher tier despite always having most farm in my games just mean I suck at actually landing shots on my enemies lmaoo",game_feedback,https://www.reddit.com/r/DeadlockTheGame/comments/1kpv1cw/observations_of_a_returning_player/
"Get me out of this elo...

Rant incoming: I'm fuming! It was generally a wild rollercoaster of a game. We were 20/30 k ahead earlier and our Geist took the urn a couple of times and did deliver it to the enemy like a parcel, even though we told her not to. We almost lost and after a big comeback teamfight we were ahead again and only calico was alive. Fast foward to what you see in the video. We lost the game after the enemy calico stole the Rejuv. I'm hard stuck in Emissary and I just want to get out. Most of the time I get into an Archon game, I immediatly notice that players have a little better understanding of macro etc. and I manage to win. In Emissary lobbies, most people don't pick up buffs or the urn (or do it at the wrong time), don't communicate etc. I know that I still make a lot of mistakes as well, like in this case: leaving mid and trusting my 3 teammates to secure the Rejuv. I'm just trying to get back to a higher rank because I feel like my macro is not too bad and I'm communicating a lot, but Solo queuing makes this task bloody impossible... /Rant over TL;DR: calico steals, we lose, Emissary elo hell",game_feedback,https://www.reddit.com/r/DeadlockTheGame/comments/1kpthf3/get_me_out_of_this_elo/
"Teamfights can be great opportunities

I was about to head to the teamfight, but had another idea because we usually lost big fights due to Lash + Dynamo + Bebop and were 15 kills behind them. I did tell my team my plan in voice chat and they agreed for me to go for it, I wasn't sure if I'd get it in time. I love mercurial magnum",game_feedback,https://www.reddit.com/r/DeadlockTheGame/comments/1kptcsf/teamfights_can_be_great_opportunities/
"My am I getting worse at the game!?

I've been playing since september and have about 800 hours in this game. I play almost everyday about 3 matches but i've always been in emissary - Archon my whole lifetime of playing this game. Before the updates I used to carry as Dynamo and Lash which are my 2 mains. I don't have much games on anybody else. But recently I've been struggling to even get a kill or win lanes. And my ranks is going down to ritualist. Idk why I am becoming more trash like shouldn't you be getting better longer you play not getting worse as you play. I'm not sure man, Looking at my recents games I average around 2-3 kills and a more death ratio. It really sucks to be getting worse at a game you really enjoy and wanna get good at watch people with 200-400 hours get eternus while you have double the hours and are still stuck at the same skill :((",game_feedback,https://www.reddit.com/r/DeadlockTheGame/comments/1kprwsb/my_am_i_getting_worse_at_the_game/
"My best viscous ult yet :)

Could not stop laughing especially after abrams called it the bounce room.",game_feedback,https://www.reddit.com/r/DeadlockTheGame/comments/1kprgl8/my_best_viscous_ult_yet/
"My Net Jitter During Matches are 200ms+ it's happening after the MAY month update Help Me

My Net Jitter During Matches are 200ms+ it's happening after the MAY month update Help ME",game_feedback,https://www.reddit.com/r/DeadlockTheGame/comments/1kpr66m/my_net_jitter_during_matches_are_200ms_its/
The world's first optimal Bebop hook:,game_feedback,https://www.reddit.com/r/DeadlockTheGame/comments/1kpqyo9/the_worlds_first_optimal_bebop_hook/
"Quick bug report on Abrams

https://preview.redd.it/8lqao0f9uk1f1.jpg?width=1600&format=pjpg&auto=webp&s=d29ba3d52f6c9af00a33cf227cdb366ad8f57d40 https://preview.redd.it/0oyqe6kauk1f1.jpg?width=1600&format=pjpg&auto=webp&s=d3e5c3bdb93015710dc86946980ee6377d3fbaac So if you die when starting up your ult in the new patch your model gets stuck in like a T-Pose but its just him when hes aiming his ult this also happens for melee it is pretty funny but it gets annoying when you slide dash and melee you get unstuck from it after you ult or melee depeing on witch one your expirencing. Happend to me twice with the ult and once with the melee you can probably get stuck to when doing the charge or other abilities with diffrent special animations probably even the weak melee",game_feedback,https://www.reddit.com/r/DeadlockTheGame/comments/1kpps3r/quick_bug_report_on_abrams/
"sinclair is fun

i tried this game again after the shop update. sinclair is fun as hell. the bunny spell is OP and stealing people's ults is cinema. That is all",game_feedback,https://www.reddit.com/r/DeadlockTheGame/comments/1kpphkd/sinclair_is_fun/
"How to git gud with items?

I've played some games as of now and I got some game sense, but I still have no feeling for items. How do I know what to build or even create my own builds as the prepared ones are pretty bad imo. I am playing paradox and Haze most of the time and I know some essential items, but I still can't figure out which situational items are good in which case. The loadout builder is also pretty bad, as the navigation through it is kinda unfun. But it's still okay to use it, just not good. And the unlucky part is that most of the resources online are outdated as of the new shop update. Someone have some advice?",game_feedback,https://www.reddit.com/r/DeadlockTheGame/comments/1kposj7/how_to_git_gud_with_items/
"Paradox Purgatory

Posted a clip similar to this the other day, however this one has a bug that I don't think is intended. There's an invisible wall in the spawn of the enemy base, you can't get past it if you don't spawn there. But with the power of SINCLAIR you can get stuck behind it and sentenced to death! This should be fixed but don't change the paradox-sinclair interaction pls.",game_feedback,https://www.reddit.com/r/DeadlockTheGame/comments/1kpoggn/paradox_purgatory/
"would haze be op if she had kalvins ult instead of hers?

i have been arguing for 2 hours with a guy who thinks this would be a perfect ult for haze",game_feedback,https://www.reddit.com/r/DeadlockTheGame/comments/1kpofka/would_haze_be_op_if_she_had_kalvins_ult_instead/
"Day 22 of making a playlist for every hero! List your songs and artists that you deem fit for today’s character and I’ll add it to the playlist. Yesterday was Vindicta, whose playlist is in the comments, and today is Viscous!

Day 21 of making a playlist for every hero! List your songs and artists that you deem fit for today’s character and I’ll add it to the playlist. Yesterday was Sinclair, whose playlist is in the comments, and today is Vindicta!",game_feedback,https://www.reddit.com/r/DeadlockTheGame/comments/1kpo06t/day_22_of_making_a_playlist_for_every_hero_list/
"How does mmr/matchmaking

So I'm aware matching is broken I decided to make a new acount and somehow I'm getting consistent win already high ritualist about to rank up again but my old account which is low alchemist I get consistent losses someone pls explain",game_feedback,https://www.reddit.com/r/DeadlockTheGame/comments/1kpnobg/how_does_mmrmatchmaking/
"Balance Update Questions -Meta Characters

Who in your opinion are the current top meta? Trying to find some info but videos havent started addressing it with the new update.",game_feedback,https://www.reddit.com/r/DeadlockTheGame/comments/1kpnh53/balance_update_questions_meta_characters/
"New Item?!?!??!!

Literally unplayable.",game_feedback,https://www.reddit.com/r/DeadlockTheGame/comments/1kpng7n/new_item/
"Using Vulkan gives twice the FPS at the cost of this abomination

Any idea how to solve this problem? I'm on Intel Arc A750 and using the latest drivers.",game_feedback,https://www.reddit.com/r/DeadlockTheGame/comments/1kplezv/using_vulkan_gives_twice_the_fps_at_the_cost_of/
"I unironically think the new patch killed build variety.

Please read this before you post something like, ""bruh they literally added more item!"". I think the new patch seriously hurt build variety and completely killed the movement system and I want to explain why. At first glance, the changes seem like they’re offering more options by spreading stats across more items. But in reality, this change does the opposite. Movement speed and other key stats were stripped from old, multi-purpose items and broken into separate, specialized pieces. At the same time, the number of inventory slots was reduced. So now, you’re spending more gold and more inventory space just to get the same functionality you used to get from one item, but with fewer slots to work with overall. And because items no longer bundle multiple useful stats together, you're far less likely to deviate from meta builds. Every slot has to be hyper-efficient, which pushes players into picking the same “optimal” combinations just to stay competitive. Before, the flexibility of bundled stats gave room for creative and experimental builds. Now, by forcing hard trade-offs and limiting space, the game punishes anything outside the standard path. Valve may have intended to create more meaningful choices, but the result is a system where you're punished for exploring. Slower gameplay, fewer options, and less freedom. That’s why, in my view, this patch didn’t add depth, it removed it.",game_feedback,https://www.reddit.com/r/DeadlockTheGame/comments/1kpj0qn/i_unironically_think_the_new_patch_killed_build/
"Can’t detonate with grey talons detonate button for the owl?

Anybody know a fix? Or if this is just somehow a feature?",game_feedback,https://www.reddit.com/r/DeadlockTheGame/comments/1kpiilk/cant_detonate_with_grey_talons_detonate_button/
"They should add unranked mode

I was thinking that they should add a mode that doesn’t affect your rank at all, and is much simpler than the standard match, just like Casual in CS, I know it’s a MOBA game, but I think that would really help a lot of people learn new heroes, and also help those busy players who just want to have some quick fun",game_feedback,https://www.reddit.com/r/DeadlockTheGame/comments/1kph8bd/they_should_add_unranked_mode/
"Butthurts wasting time of 9 players

Guy gets into a match, follows up on early aggression by his teammate on the lane, gets parried, dies. Then instantly leaves the game and match is now ""Safe to leave"" and won't be scored"". What in the world? Everybody sat in queue, then endured two pauses at the beginning and now game is not scored, because a player, apparently, did no or little damage, died and then left the match. Pls, fix it. If a player had any input, shooting/melee/using skills, he wasn't disconnected, meaning that game should be scored and then the player in question suspended for being weird",game_feedback,https://www.reddit.com/r/DeadlockTheGame/comments/1kpfw6s/butthurts_wasting_time_of_9_players/
"How many making worl

So I'm aware matching is broken I decided to make a new acount and somehow I'm getting consistent win already high ritualist about to rank up again but my old account which is low alchemist I get consistent losses someone pls explain",game_feedback,https://www.reddit.com/r/DeadlockTheGame/comments/1kpev7f/how_many_making_worl/
"Started playing after 6.5 months and WoW, its going in the right direction

So I had 230ish hours in deadlock and I stopped playing after October (took a break from gaming in general, not just deadlock) and the game feels like a different game now (mostly in a good way) Before queuing up the game I was overwhelmed by so many changes and didn't understand/read most of the new heroes and abilities (like the cat lady turns into a cat!?) but when the game actually started, I didn't feel that much out of place. Team was surprisingly supportive (I told them it's my first game after months so sorry if I screw up and 3 of them said it's fine just have fun which is very uncommon in SEA). Fortunately I didn't suck (I think I did very good) The new shop/guide system is great for new players (and even old player who make their own guides). I didn't know most of the new items so I just picked a guide and switched off my brain thinking about item build and it worked out well. I think it's great for new players. Map also felt a bit confusing to me at first but I think I'll get used to it with some time. Everything else in the game is so polished, my mind was like ""Wow is this the same game"". I'll have to play more to get a better idea on balance and stuff but the first expression of the game is a HUGE positive...I was really scared I'll have a hard time getting back into the game but luckily it was not the case. Now one thing which I felt a little bit disappointed in is 3 lanes...I don't know 4 lanes felt better to me personally....3 lanes in 6 players feels like crowded. Maybe I'll get used to it with time.",game_feedback,https://www.reddit.com/r/DeadlockTheGame/comments/1kpeccb/started_playing_after_65_months_and_wow_its_going/
"WE NEED TO MAKE A STAND AND STOP THEM

Seriously, why does the patron say that so much this patch?",game_feedback,https://www.reddit.com/r/DeadlockTheGame/comments/1kpdydj/we_need_to_make_a_stand_and_stop_them/
"ranked is buns???

i went on a 4 game win streak with a character i dont play and my rank hasnt moved at all. (seeker 1) I went on a losing streak last week (7 matches lost in a row) and fell from Seeker 5 to where I am now. I know rank doesnt matter too much but i keep getting matched with people who are playing their first game because I sucked for the first few dozen hours I put into the game. its really frustrating idk",game_feedback,https://www.reddit.com/r/DeadlockTheGame/comments/1kpatgc/ranked_is_buns/
"Anyone else just hate this patch?

Me and all my friends have played this game for about a year and every patch has been fun sure, there was aids builds and characters but over all it’s fun. This patch everyone I know hates it and I’m having zero fun. I feel like the patch is just so booooring, the souls change makes it the oposite of what they keep saying they intend. It’s just if you have an automatic weapon just shoot the soul the entire time if your ping is lower you win. Every game feels so slow and boring. The ranks feel awful and make little to no sense despite the player count being higher then normal which should make it feel better. Every character feels like the meta is just stack stuff on the easiest ability then spam it and run away if you don’t win. I’m sure people are having fun with the game I suspect the game will die down quickly after the initial hype passes this patch.",game_feedback,https://www.reddit.com/r/DeadlockTheGame/comments/1kpachg/anyone_else_just_hate_this_patch/
"Second ban this week and its not even my fault

The game has been crashing on me mid match and not letting play ever since the shop rework update. Every time it tells me the same thing “corrupt file verify integrity of files” and when I do it gets stuck on 0% it only works again when I reinstall the whole game and the worst part is that when i finally manage to get back into the game I find out that im no longer able to rejoin and im banned for several hours. Is there a fix for this? Ive been having that message pop up multiple times lately",game_feedback,https://www.reddit.com/r/DeadlockTheGame/comments/1kp7lpl/second_ban_this_week_and_its_not_even_my_fault/
"The new patch. Still not feeling it.

I know I’m not the only one who feels this way. A lot of players have been saying the same thing: the game just doesn’t feel right anymore. That’s why I wanted to share an honest post about how I’ve been feeling toward the game lately. I just miss the feel of the last patch, the flow of the match, the smooth movement. Sure, Valve added a bunch of new items, but they did it by gutting the old ones. They stripped out key effects, split them into separate pieces, and called it “more options.” In reality, you're just spending more gold and using more inventory slots to get what used to come from a single item. And because they outright removed or nerfed most movement-enhancing effects from items, it drastically changed how the game plays. Slower movement means slower rotations, fewer outplays, and a heavier reliance on brute-force stats instead of skillful plays or smart pathing. Now it feels like itemization matters more than actually outsmarting your opponent. You can make the right call, react faster, and still lose simply because the enemy had better item scaling. That wasn’t the case in the last patch, because everyone had more speed. Even if your opponent got ahead early, you still had a solid chance to outplay them through movement and split-second decision-making alone. To me it feels to me like the game is shifting away from rewarding quick thinking and creative decision-making, and more toward stat-checking and loadout optimization. It’s gone from player-driven moments to spreadsheet-driven outcomes. What used to feel like a battle of wits now feels more like a math problem, and honestly, it’s depressing. I don't think Valve needs to revert everything. I actually really liked that they added a bunch of new active items, and some of them are really dope. I also appreciate the art direction they’re going with, both visually and in terms of sound design. But I think they should at least take a serious look at what made the previous patch feel so much better to play.",game_feedback,https://www.reddit.com/r/DeadlockTheGame/comments/1kp6m2n/the_new_patch_still_not_feeling_it/
"Silence

I really hope this isn’t a hot take but remove all silence from the game…. In a game where deaths matter ESP when you have a long timer till respawn there should never been a silence that makes it so easy to kill someone. Just played a game where at least 3 people had silence & it was miserable (you can probably guess how it ended) And please don’t rush to the comments with the argument of “well you can buy it too” because that’s an L take. You take away from the game, the mechanics, the premise if everyone is gonna just start rocking silence …",game_feedback,https://www.reddit.com/r/DeadlockTheGame/comments/1kp5ifx/silence/
"Sinclair can abuse bugs on crushing fists

When you are rabbitted Crushing fist randomly does 2/3 stacks on light and heavy instead of the 1/2 its supposed to do, completely random. The 15% damage amp has nothing to do with it cos pocket can get up to 40% off his 1 and it doesn't work that way he still gets 1/2 stacks.",game_feedback,https://www.reddit.com/r/DeadlockTheGame/comments/1kp45ef/sinclair_can_abuse_bugs_on_crushing_fists/
"Ideal Video Settings?

What have you guys found to be the most ideal video settings? Ever since the last update the game has looked and felt significantly worse (low frames, blurry from a distance). I can run most games on max settings so I don't think it's a hardware issue.",game_feedback,https://www.reddit.com/r/DeadlockTheGame/comments/1kp36kv/ideal_video_settings/
Did I miss a nerf to Abrams ult or something,game_feedback,https://www.reddit.com/r/DeadlockTheGame/comments/1kp2f4s/did_i_miss_a_nerf_to_abrams_ult_or_something/
"Alright it’s been some time to let things settle, How are we feeling?

Without mentioning balance (numbers can be fixed) How are we feeling about items/3 lanes/ map changes etc. What do you miss? What are you happy has changed? How does it FEEL to play deadlock compared to a few months ago? Any major meta changes you've felt recently?",game_feedback,https://www.reddit.com/r/DeadlockTheGame/comments/1kp1vml/alright_its_been_some_time_to_let_things_settle/
"If you’re editing your build when you queue into a match, it clears out all the items in the build.

It’ll keep all the categories, descriptions, and AP order, but no items will be there.",game_feedback,https://www.reddit.com/r/DeadlockTheGame/comments/1kp0zrw/if_youre_editing_your_build_when_you_queue_into_a/
"MMR on unplayed heroes

Hi, I've got a friend I'm getting into deadlock for the first time. He's never played a Moba before, I have about 300 hours rn and bounce around archon. If I play a hero I've never touched, how fucked will my friend be in my lobbies? Will my MMR on that ""new"" hero be low enough to be tolerable? Or will it be a stomp?",game_feedback,https://www.reddit.com/r/DeadlockTheGame/comments/1kp0hw8/mmr_on_unplayed_heroes/
"Undocumented Dynamo change

He is no longer slowed down when casting Rejuvenating Aurora, even before taking the T3 upgrade. I couldn't see this in the patch but if it has been or someone else already pointed out let me know. It feels awesome, no longer do I have to pick between fleeing or healing myself, and it's easier to catch up to allies while laning",game_feedback,https://www.reddit.com/r/DeadlockTheGame/comments/1kozv09/undocumented_dynamo_change/
"How would everyone here feel about a dedicated PvE mode at some point?

Just to be clear, I am well aware that there is zero indication of this being a priority for the devs, now or even in the future... but I'm curious if anyone else loves deadlock's aesthetic and gameplay so much that they've daydreamed about what a PvE arcade mode would look like? The item shop is something that could fit right into a tower defense sort of PvE mode, or better yet the items would translate perfectly as randomized drops a la roguelikes like Risk of Rain/Hades/Etc. I guess I'm just curious if there is ANY mutual interest for something like this within the community? Cause tbh I'm the kind of person that wishes every game had a left 4 dead horde mode, even like dota or cs. To be fair, you can use cheats/console comms to DIY your own set up like this already. I've been running basic 1v6 bot matches with some commands that let me make the enemy team all Wardens or all Hazes, and then using the trainer menu to give myself all perk points at the start of a match, but still forcing myself to actually earn the money for my build items. Unfortunately there are limitations though, and a few extra console comms would be nice, especially ones for no cooldown/fast stamina/infinite ammo for players only/not for bots. Still, if anyone wants the autoexec/tutorial igy lol.",game_feedback,https://www.reddit.com/r/DeadlockTheGame/comments/1kozp6x/how_would_everyone_here_feel_about_a_dedicated/
What's your favorite replay bug?,game_feedback,https://www.reddit.com/r/DeadlockTheGame/comments/1kozch5/whats_your_favorite_replay_bug/
most annoying characters to lane against ranked by 2 idiots,game_feedback,https://www.reddit.com/r/DeadlockTheGame/comments/1koz3p8/most_annoying_characters_to_lane_against_ranked/
"The cheating situation

So ever since the new update I've seen an uptick in the amount of cheaters in the game. Anything ranging from Walls, autoparry to all headshot aimbot. Anyone else sharing the same experience?",game_feedback,https://www.reddit.com/r/DeadlockTheGame/comments/1kow2vq/the_cheating_situation/
"Insane Bug that almost exploded server

Our tower tossed enemy trooper so hard that he flew away and landed on the roof of the building on our side. Him standing here started chain of endless agro - all our new waves were stacking on one place instead of moving on right path. After 10 minutes server started crashing down, making it impossible to even move. The only reason we managed to keep playing and win - is that new enemy troopers came and re-agroed all this stack waves. Enemy trooper on roof didn't disappear tho and kept breaking game - but fortunatelly we already finished the match. MATCH ID: 35922141",game_feedback,https://www.reddit.com/r/DeadlockTheGame/comments/1kovy0q/insane_bug_that_almost_exploded_server/
"greatest deadlock crash out ever recorded (subtitles included because I'm nice :)

[go watch the original](https://www.youtube.com/watch?v=2KDqPDU5MKk), I ripped the video and subtitles from it but arranged them so you don't need to see it on youtube to understand what they are saying",game_feedback,https://www.reddit.com/r/DeadlockTheGame/comments/1kovjvx/greatest_deadlock_crash_out_ever_recorded/
"Best resources for a new player?

I'm an Overwatch/Rivals refugee. Wanted to finally dip my toes into Deadlock even though I've heard it's pretty damn difficult for new players. What are some good resources/content creators I could look to for general advice? I'm not super familiar with MOBAs, but get the gist (kill creeps in lanes for a while to get items, start branching off a bit to jungle/gank, then final team fights). Also any basic tips or store purchasing guidelines from you all would be great too. Thanks!",discussion,https://www.reddit.com/r/DeadlockTheGame/comments/1kqa75v/best_resources_for_a_new_player/
How do you scale late game as calico?,discussion,https://www.reddit.com/r/DeadlockTheGame/comments/1kq9e3z/how_do_you_scale_late_game_as_calico/
"Is comebacks too rare in deadlock?

As a dota player that has the mindset of never giving up and defending base, I have only really had 2-3 real comebacks in my hundreds of hours of playing deadlock. Is there there too small of a chance to make an comeback after losing the early game at the moment?",discussion,https://www.reddit.com/r/DeadlockTheGame/comments/1kq8tn5/is_comebacks_too_rare_in_deadlock/
"Anyone else think Abrams is STRONG this update? I was able to go toe to toe with a Warden that had more then DOUBLE my souls, and only lost because he landed a parry at the end. Abrams is SO strong.",discussion,https://www.reddit.com/r/DeadlockTheGame/comments/1kq734t/anyone_else_think_abrams_is_strong_this_update_i/
"Stat bonuses with investment in gun/green/spirit all have different trends

I got curious about how gun damage, added health, and spirit scaled with item investment and noticed that the trends didn't seem consistent. Here are the data for how you gain these stat bonuses with investment in each category (just pulled from the game and plotted). Through 9600 souls (one T3 + one T4, or two T2s + 1 T4, etc), the return is pretty consistent. After that, the spacing increases a lot and the amount of stats you're getting, especially per soul invested, tend to be lower. I wanted to highlight the incremental stat gain (normalized by soul investment), bottom row. Interestingly, gun has pretty consistent/efficient incremental stat gain through 9600. Spirit also has a nice bump at 9600 (+25 -> +35 SP), whereas greens really give pretty inefficient health bonuses after just 3200 souls total investment. The right way to use this in your builds would be to try to build up to total investments where you see efficient stat bonuses. For example, targeting 9600 souls instead of 8000 in gun at some point to see efficient soul spend. This is really secondary to the actual build, but worth considering. Here are the data: || || ||Gun||incremental|Vitality||incremental|Spirit||incremental| |Investment|\+dmg%|dmg%/1ksoul|dmg%/1ksoul|\+health%|health%/1ksoul|health%/1ksoul|\+SP|SP/1ksoul|SP/1ksoul| |0|0%|||0%|||0||| |800|6%|7.50%|7.50%|8%|10.00%|10.00%|6|7.50|7.50| |1600|8%|5.00%|2.50%|10%|6.25%|2.50%|9|5.63|3.75| |2400|12%|5.00%|5.00%|13%|5.42%|3.75%|12|5.00|3.75| |3200|18%|5.63%|7.50%|17%|5.31%|5.00%|15|4.69|3.75| |4800|26%|5.42%|5.00%|22%|4.58%|3.13%|20|4.17|3.13| |7200|36%|5.00%|4.17%|27%|3.75%|2.08%|25|3.47|2.08| |9600|52%|5.42%|6.67%|32%|3.33%|2.08%|35|3.65|4.17| |16000|68%|4.25%|2.50%|36%|2.25%|0.63%|45|2.81|1.56| |22400|78%|3.48%|1.56%|40%|1.79%|0.63%|55|2.46|1.56| |28800|88%|3.06%|1.56%|44%|1.53%|0.63%|65|2.26|1.56|",discussion,https://www.reddit.com/r/DeadlockTheGame/comments/1kq5a2b/stat_bonuses_with_investment_in_gungreenspirit/
Who's invited to my birthday party?,discussion,https://www.reddit.com/r/DeadlockTheGame/comments/1kq3lkl/whos_invited_to_my_birthday_party/
"Thoughts on green item or falling back to base to heal?

In the early laning phase (1-6 min), when is it excusable to fall back to base to heal, and when is it recommended to buy a healing rite/res shot instead?",discussion,https://www.reddit.com/r/DeadlockTheGame/comments/1kq3f4f/thoughts_on_green_item_or_falling_back_to_base_to/
"How does McGinnis work now?

I just came back after like 6-7 months and I mained McGinnis but it seems turret builds arent the way now. How do I play her in todays version?",discussion,https://www.reddit.com/r/DeadlockTheGame/comments/1kq3ej1/how_does_mcginnis_work_now/
"Gun damage on spirit focussed characters like Pocket

On characters like pocket, do you just do your 1/2/3/4 and then bail out? Or do you bother doing gun damage too? I feel like with no gun items your gun barely does anything so it's not worth the risk of dying in a team fight if you stick around being so squishy. But if you bail out, then what do you do for the rest of the team fight?",discussion,https://www.reddit.com/r/DeadlockTheGame/comments/1kq33il/gun_damage_on_spirit_focussed_characters_like/
"Creator Resources

does anyone here have any resources for creators for videos, thumbnails, etc. I appreciate any help! (character or gun models, item pngs etc)",discussion,https://www.reddit.com/r/DeadlockTheGame/comments/1kq0djj/creator_resources/
"abrams gameplay doesnt fit his character

**Abrams, in terms of gameplay, just doesn’t fit the detective persona.** When you picture a detective character, you tend to think of someone who gathers information and plans their attacks — not a two-ton brute whose entire gameplay revolves around rushing in, punching, stunning, getting parried, and punching again. He fits the role of an enforcer or bouncer way more than that of a detective. It just feels like they chose the detective role for him on a whim.",discussion,https://www.reddit.com/r/DeadlockTheGame/comments/1kpygyq/abrams_gameplay_doesnt_fit_his_character/
"I think the game is saying I am slightly less than mid.

Ritualist 3 incase anyone wants to know. Just surpised after 600 games, my wins and losses are almost 50-50.",discussion,https://www.reddit.com/r/DeadlockTheGame/comments/1kpt46p/i_think_the_game_is_saying_i_am_slightly_less/
Is Holliday whack af or is it me?,discussion,https://www.reddit.com/r/DeadlockTheGame/comments/1kpr5b2/is_holliday_whack_af_or_is_it_me/
"How to guarentee being able to shoot instantly while dash sliding?

I absolutely cannot make the behavior consistent. I can't tell if it's to do with when I time the slide or what. Asking about the tech that makes dash sliding actually worthwhile while doing camps, so you don't have to spend forever in the dash animation.",discussion,https://www.reddit.com/r/DeadlockTheGame/comments/1kpolfg/how_to_guarentee_being_able_to_shoot_instantly/
"Who is the no. 1 mo and krill player?

If nkd is the McGinnis, mikaels is paradox, who is best mo n krill player?",discussion,https://www.reddit.com/r/DeadlockTheGame/comments/1kpkvjm/who_is_the_no_1_mo_and_krill_player/
"Is wraith blind?

Just a showerthought I had, her eyes are clouded and she never uses her hands. Her telekinesis powers are super useful so she doesn't have to really grab anything",discussion,https://www.reddit.com/r/DeadlockTheGame/comments/1kpjzjr/is_wraith_blind/
"Updated Tier Maker

I couldn't find a tier list maker with (currently) all 30 heroes, so I made it myself. [Create a Steam's Deadlock Heroes \[May 2025\] (30 Heroes) Tier List - TierMaker](https://tiermaker.com/create/steams-deadlock-heroes-may-2025-30-heroes-18231765) [The 30 Heroes of Steam's Deadlock; I couldn't edit the order.](https://preview.redd.it/wy4ff67tgj1f1.png?width=2151&format=png&auto=webp&s=912c85d27b46c0b7e4817a6ed2f5622f7044e82b)",discussion,https://www.reddit.com/r/DeadlockTheGame/comments/1kpjihs/updated_tier_maker/
"Doing no damage?

My in game name is Father, I stack my build with damage and spirit, but mostly damage, I fight and try to attack like my teammates, I hold lanes and not go farm, But every game has the same output, I barely do any damage, I tried landing headshots but still, how can the difference be so massive, I land both spirit shits and physical bullets, but a difference of 20,000 is quite common. I understand that the game is about winning and not doing damage, But I just can't seem ti understand what I am doing wrong!",discussion,https://www.reddit.com/r/DeadlockTheGame/comments/1kpikrb/doing_no_damage/
"With fewer slots and high tier items being more efficient, does anyone else never buy more than one tier 2 non-upgradable item

They are all very appealing and often cool designs but it really feels like I've screwed myself over if I buy a 2nd one and have to sell it midgame",discussion,https://www.reddit.com/r/DeadlockTheGame/comments/1kpgkpw/with_fewer_slots_and_high_tier_items_being_more/
"Haze & Seven getting hot & heavy

Thought Haze was on the other side of the law",discussion,https://www.reddit.com/r/DeadlockTheGame/comments/1kpgfqd/haze_seven_getting_hot_heavy/
"Any good sustain mirage builds?

I really like hybrid mirage and you live the longest with those so I want to see all the options on it",discussion,https://www.reddit.com/r/DeadlockTheGame/comments/1kpfljq/any_good_sustain_mirage_builds/
"is trapper face inspired by squid game police guy?

or maybe not",discussion,https://www.reddit.com/r/DeadlockTheGame/comments/1kp8xct/is_trapper_face_inspired_by_squid_game_police_guy/
"Question for support players

So I’ve been maining support kelvin since a tad before the new patch and only him since then. I feel like rescue beam is the most slept on item right now with healing nova being overrated in my opinion. The main reason I say this is because rescue beam now also heals yourself for the 25% (32% with healing booster) and I’ve seen a lot of people don’t know this yet (I’m phantom 3 so fairly good lobbies). It’s gotten to a point where it’s my first purchase after healing rite in lane and it makes us nigh unkillable with 600+ healing every 25ish seconds. This definitely makes the first few minutes harder as I don’t buy anything until 3.2k but then the lane is almost always won within a couple minutes. Anyways I’m just wondering why I don’t see much love for rescue beam on here and the opinion other supports have on it.",discussion,https://www.reddit.com/r/DeadlockTheGame/comments/1kp8f9j/question_for_support_players/
Making A Warden Spirit Build And Looking For Tips (focuses on ult),discussion,https://www.reddit.com/r/DeadlockTheGame/comments/1kp7lfn/making_a_warden_spirit_build_and_looking_for_tips/
"Is healing nova too good in laning phase?

I’ve gone against a couple cycling healing novas lane opponents and it was pretty hard to punish. Especially a Kelvin-Viscous lane, low hp and their back to near full. And then we get em low again, second nova, then cube, nade, and back to another healing nova. One healing nova is pretty manageable, two gets pretty difficult imo. Is it too good at least in the beginning?",discussion,https://www.reddit.com/r/DeadlockTheGame/comments/1kp5c5w/is_healing_nova_too_good_in_laning_phase/
"Is anybody getting 200+ fps consistently?

What hardware you runnin?",discussion,https://www.reddit.com/r/DeadlockTheGame/comments/1kp4m4h/is_anybody_getting_200_fps_consistently/
"Hey guys I'm new to the game and looking for a hero suggestion for my playstyle

My playstyle is a more Tank and Strength build. In most other game I play, I like to be Tanky while doing good damage. Thank you",discussion,https://www.reddit.com/r/DeadlockTheGame/comments/1kp1pln/hey_guys_im_new_to_the_game_and_looking_for_a/
"How do you play haze in New patch?

I was bursting through enemies in the previous patch going full gun. Now shes too squishy to do any damage. If I invest in vitality, she does no damage. I tried spirit haze which works but doesn't pick up until very late game leaving my team on a 5v6. Any tips?",discussion,https://www.reddit.com/r/DeadlockTheGame/comments/1kp0hfd/how_do_you_play_haze_in_new_patch/
"Day 21 of making a playlist for every hero! List your songs and artists that you deem fit for today’s character and I’ll add it to the playlist. Yesterday was Sinclair, whose playlist is in the comments, and today is Vindicta!

Can’t find the artist god damnit :/",discussion,https://www.reddit.com/r/DeadlockTheGame/comments/1korcnn/day_21_of_making_a_playlist_for_every_hero_list/
"Anyone else preferred the old Shiv ultimate indicator?

I think it's so much harder now to target the correct person in a team fight. I wish they brought back the red lines..",discussion,https://www.reddit.com/r/DeadlockTheGame/comments/1kox31v/anyone_else_preferred_the_old_shiv_ultimate/
"Anyone else preferred the old Shiv ultimate indicator?

In a team fight it can be really hard to see when it's ""ready"". The old one was super clear.",discussion,https://www.reddit.com/r/DeadlockTheGame/comments/1kowycg/anyone_else_preferred_the_old_shiv_ultimate/
"Useful deadlock sites

Please send in comments useful deadlock sites like a Tracklock or Lockblaze so I can collect them in 1 place",discussion,https://www.reddit.com/r/DeadlockTheGame/comments/1kows64/useful_deadlock_sites/
"Can someone review my mirage play last match

I did not suck super badly but I essentialy had all the items I could want and still felt very fragile and not powerful even if I had bunch of spirit resist again a team mostly using spirit. Only big bad I did was aiming scarabs like shit 35920568 match id",discussion,https://www.reddit.com/r/DeadlockTheGame/comments/1kow7m4/can_someone_review_my_mirage_play_last_match/
"How the hell do you counter vyper?

Ive tried everything, anti heal, slowing hex, juggernaut, bullet resist, she is an absolute menace and it feels like there is zero counter to her. Even if you get her low, she just slithers away with twice the speed as anyone else in the lobby. Every fight she just speeds around in circles making it impossible to even reliably hit her, while she has to reload maybe once every 2 minutes. It just feels like she is the most skilless character out there. All you do is move around iratically and hold mouse one. There is not a single character in the game that i see ending the game with 30+ kills this consistantly. I dont get her design philosophy, and she consistantly ruins 9/10 games i play against her.",discussion,https://www.reddit.com/r/DeadlockTheGame/comments/1kotwfk/how_the_hell_do_you_counter_vyper/
"48 kills and having a hard time ending the game because of farm comeback mechanic

this is why the soul farm comeback mechanic isn't good",discussion,https://www.reddit.com/r/DeadlockTheGame/comments/1kosona/48_kills_and_having_a_hard_time_ending_the_game/
"How do I know if a build is good or not?

I played a little before and came back with this update, but I don't know what the criteria are for a good build.",discussion,https://www.reddit.com/r/DeadlockTheGame/comments/1kosf2x/how_do_i_know_if_a_build_is_good_or_not/
"Any good talon builds?

Before the patch i felt very comfortable in most games but now... I'm struggling with everything. Maybes it's the build? Maybe I suck. What builds are you using?",discussion,https://www.reddit.com/r/DeadlockTheGame/comments/1koqx6v/any_good_talon_builds/
"Best farm item for lash?

Need item which i can push lines and farm, when team decides that best obj pusher is lash. Recommendations?",discussion,https://www.reddit.com/r/DeadlockTheGame/comments/1koq9xh/best_farm_item_for_lash/
Rage Bait or True? (Post I found in the Community Tab of Deadlock),discussion,https://www.reddit.com/r/DeadlockTheGame/comments/1koolkg/rage_bait_or_true_post_i_found_in_the_community/
"Could I get an invite to the game please?

My friend code is 162895909, if its a no or a fuck you then I understand. I have a few people on my friends list with access to the game but I've received no response when I asked about inviting me. It is what it is but if anyone is happy to shoot me an invitation I'd appreciate it a lot.",discussion,https://www.reddit.com/r/DeadlockTheGame/comments/1kojqgp/could_i_get_an_invite_to_the_game_please/
"Is there a glitch with tankbuster and Geist?

I'm not complaining but just curious how the essence bomb did 222 but tankbuster did 1000? I only got hit with 1.",discussion,https://www.reddit.com/r/DeadlockTheGame/comments/1kojfkl/is_there_a_glitch_with_tankbuster_and_geist/
"Greatest Geist Game Ever Played.

Yes. Alchemist Lobby. Match ID: 3590008. That is all. Kobe. https://preview.redd.it/60nuxhm1691f1.png?width=1671&format=png&auto=webp&s=ec2c7e647c3a1128da1c9d58d666acfab5159a47 https://preview.redd.it/zs2nxqb0691f1.png?width=1006&format=png&auto=webp&s=fea8bda8415182121cf65fb4c836908559f93836",discussion,https://www.reddit.com/r/DeadlockTheGame/comments/1koidwy/greatest_geist_game_ever_played/
"Anyone else dislike seeing clips where the person is 10-15k souls ahead

I’ll see a clip where a guy kills 4-5 people maybe even the whole team and wonder why no one is doing damage to them and how they die so fast and the dude is just like 12k ahead of the whole team, does anyone find those clips kinda lame? Feels like watching people fight bot lobbies",discussion,https://www.reddit.com/r/DeadlockTheGame/comments/1koef9u/anyone_else_dislike_seeing_clips_where_the_person/
"Paper walkers

Is it just me, or are the walkers mde of fucking paper or smth? You leave a walker with 2 waves of enemy creeps and they take it in like 30 seconds. It's super frustrating, since it's literally impossible to do anything since leaving the walker for even 5 minutes is impossible, because it will go down even if the enemy players won't be there to help the creeps",discussion,https://www.reddit.com/r/DeadlockTheGame/comments/1kobewc/paper_walkers/
"Vindicta Ult Hold vs Toggle

Is there a way to make vindicta ult hold instead of toggle? I like having it bound to right click and I feel like hold might be more comfortable for quick scoping",discussion,https://www.reddit.com/r/DeadlockTheGame/comments/1koagsj/vindicta_ult_hold_vs_toggle/
"Don't use abrams ultimate in this corner. You get stuck

https://preview.redd.it/tyji5kgy371f1.png?width=2560&format=png&auto=webp&s=d516a93606c1ad9b65821fee2b59a79741ddb198",discussion,https://www.reddit.com/r/DeadlockTheGame/comments/1ko9lj7/dont_use_abrams_ultimate_in_this_corner_you_get/
"Geist is pretty good this patch.

184k damage, 82k healing",discussion,https://www.reddit.com/r/DeadlockTheGame/comments/1ko8w6q/geist_is_pretty_good_this_patch/
"Revisiting Ok_Rough’s Post

Everyone saying his leaks have been debunked, however one thing stuck out to me. In the comments he was leaving he was mentioning that there was some Cell Shading going on. Then the patch happened, and it was indeed kind of Cell Shaded. It makes me think that maybe his post had some weight to it? Because how would you know that?",discussion,https://www.reddit.com/r/DeadlockTheGame/comments/1ko8bof/revisiting_ok_roughs_post/
"Does this game have any Lore?

Just as the subject says! I’m getting more and more into the game and was just curious if anyone knows about the lore of the characters or the city or anything about the game?",discussion,https://www.reddit.com/r/DeadlockTheGame/comments/1ko86op/does_this_game_have_any_lore/
"Any pearls of wisdom from fellow Viscous mains?

Do you all prefer: gun build, melee build , ball build Any itemization tips? When would you swap your build in a matchup? I feel like he's legitimately one of the funnest characters in the game, and it's always fun to see what others think is best for him.",discussion,https://www.reddit.com/r/DeadlockTheGame/comments/1ko82yg/any_pearls_of_wisdom_from_fellow_viscous_mains/
"How would you feel about buybacks?

For those who don't know, in Dota 2 you can Buyback from death every 8 minutes for a pretty hefty gold cost. Would it make sense in Deadlock?",discussion,https://www.reddit.com/r/DeadlockTheGame/comments/1ko5oe8/how_would_you_feel_about_buybacks/
"What do you all think of adding the day and night concept to Deadlock?

I don’t think the circular vision reduction like Dota is appropriate but night time with street lights might be an interesting concept. What do you all think?",discussion,https://www.reddit.com/r/DeadlockTheGame/comments/1ko1vyu/what_do_you_all_think_of_adding_the_day_and_night/
"Who here has been playing Deadlock since April-May 2024?

I'm curious to see what you guys think of how the game evolved in a year. Been playing personally since May and its crazy to think the game looks this good now and it isn't even close to being done",discussion,https://www.reddit.com/r/DeadlockTheGame/comments/1ko1az9/who_here_has_been_playing_deadlock_since_aprilmay/
"Making your hero say voice lines in game?

Had a teammate spamming voicelines all game long, how on earth did they do that?",discussion,https://www.reddit.com/r/DeadlockTheGame/comments/1ko0tvy/making_your_hero_say_voice_lines_in_game/
"One year ago, Deadlock was leaked",discussion,https://www.reddit.com/r/DeadlockTheGame/comments/1ko0ot6/one_year_ago_deadlock_was_leaked/
"Frustrated by getting joined to a game while spectating, but forced to quit

tf is this",discussion,https://www.reddit.com/r/DeadlockTheGame/comments/1knztho/frustrated_by_getting_joined_to_a_game_while/
"need invite

pls",discussion,https://www.reddit.com/r/DeadlockTheGame/comments/1knwh86/need_invite/
"Tesla vs Toxic Bullets

Which is better with the new update?",discussion,https://www.reddit.com/r/DeadlockTheGame/comments/1kntvn4/tesla_vs_toxic_bullets/
"Do anybody know how to do the long wall jump with shiv?

i have done it in practice but I dont know what are the frame data or inputs",discussion,https://www.reddit.com/r/DeadlockTheGame/comments/1knr108/do_anybody_know_how_to_do_the_long_wall_jump_with/
"What do you think are the three worst character designs?

I know that might be silly but i care about designs a lot and i like deadlock designs style",discussion,https://www.reddit.com/r/DeadlockTheGame/comments/1knpjb9/what_do_you_think_are_the_three_worst_character/
"Making a fan concept based on Smolders kit from League, which of these Themes/design ideas would you prefer?

Basically a sort of (almost) infinite scaling character that mostly revolves around a shorter ranged point-and-click damage target ability that gains unique properties the more stacks they have, which in this case, you mainly get by killing minions with the ability or landing it on a target after/before shooting them with your primary fire. With that in mind, what are some visual presentation ideas would you prefer to represent this concept? [View Poll](https://www.reddit.com/poll/1knp8jm)",discussion,https://www.reddit.com/r/DeadlockTheGame/comments/1knp8jm/making_a_fan_concept_based_on_smolders_kit_from/
"DFN reply codes

Are any of the DFN replay codes public. Would be cool to follow certain players for the whole match. Could probably learn from it too. Let me know if they get posted anywhere please",discussion,https://www.reddit.com/r/DeadlockTheGame/comments/1knopai/dfn_reply_codes/
"How do I get access to deadlock?

I noticed that on steamdb it says that there's 12k people playing concurrently, which is a lot for a game that hasn't released yet. How does one get access if there's that many people playing?",discussion,https://www.reddit.com/r/DeadlockTheGame/comments/1knlpgh/how_do_i_get_access_to_deadlock/
"nice server

Thank u yoshi",discussion,https://www.reddit.com/r/DeadlockTheGame/comments/1knlfbv/nice_server/
"Is there a way to copy a build template across all heroes?

I have a particular layout in which I like to create build guides for heroes, but it's annoying to arrange and resize the categories from scratch every time I make one for a new hero. Is there a way I can copy the layout as a template?",discussion,https://www.reddit.com/r/DeadlockTheGame/comments/1knk89m/is_there_a_way_to_copy_a_build_template_across/
"Anyone else getting 100% purple death recaps right now?

Not sure if it's just a glitch or if spirit damage just completely overshadows gun right now. I find myself building 3 spirit armor items and it just not mattering because escalating exposure is just absurd right now",discussion,https://www.reddit.com/r/DeadlockTheGame/comments/1knjy8r/anyone_else_getting_100_purple_death_recaps_right/
"Is there any website for builds?

I was using [https://deadlocktracker.gg/](https://deadlocktracker.gg/) but after the update there are some items missing",discussion,https://www.reddit.com/r/DeadlockTheGame/comments/1knj7lk/is_there_any_website_for_builds/
"How Brainrotted am I If the Second I Saw Express Shot On Shiv Alt Fire I Instantly Thought ""IS THAT THE DOUBLE PUMP FROM FORTNITE!?!!@##131!""",reaction,https://www.reddit.com/r/DeadlockTheGame/comments/1kqb4d2/how_brainrotted_am_i_if_the_second_i_saw_express/
For my next trick I'll make this rejuv disapear,reaction,https://www.reddit.com/r/DeadlockTheGame/comments/1kqaoxo/for_my_next_trick_ill_make_this_rejuv_disapear/
"1v5 Yamato mid steal to come back and win the game after being down 30k

Clickbait title because the dynamo also pulled off a clutch two-man ult during the fight. The actual steal was mostly luck lol, enemy team was frazzled by the refresher and poor kelvin has no one to secure mid while he parried. Build is my own, BuildID: **243818**",reaction,https://www.reddit.com/r/DeadlockTheGame/comments/1knmdbt/1v5_yamato_mid_steal_to_come_back_and_win_the/
"Was this a outplay ?

Im fairly new to the game but i thought this was impressive lol",reaction,https://www.reddit.com/r/DeadlockTheGame/comments/1knkg1f/was_this_a_outplay/
Pro tip: hide McGinnis turrets in the bushes,reaction,https://www.reddit.com/r/DeadlockTheGame/comments/1kq7rnq/pro_tip_hide_mcginnis_turrets_in_the_bushes/
"Does anybody want to be my friend and give me an invite?

I'm very late to the party, but I only found out today that my favourite game development company is making another banger. And I would love to be able to play it as. I've had nothing to play recently, and refused to play Marvel Rivals due to my disdain for Disney. I hope that Deadlock absolutely blows Marvel Rivals out of the water and makes it irrelevant. Although I do fear that's a difficult task given Disney's brand presence. I would love a chance to get early access to this game and contribute to the hype. I hope someone reading this can sympathize and would add me as a friend on Steam and invite me to the game would be highly appreciated Here is my friend link : https://s.team/p/ncq-brqd/kwjmjvqj",reaction,https://www.reddit.com/r/DeadlockTheGame/comments/1kngjnp/does_anybody_want_to_be_my_friend_and_give_me_an/
"4 men 1 bola

Sometimes it's just ridiculous how good Viper's ult is for escaping",reaction,https://www.reddit.com/r/DeadlockTheGame/comments/1kocmpt/4_men_1_bola/
"Sometimes soloq gives you a gem of a teammate

one of the most fun games of deadlock ive ever played",reaction,https://www.reddit.com/r/DeadlockTheGame/comments/1kq4bz2/sometimes_soloq_gives_you_a_gem_of_a_teammate/
"sometimes it'll be like that

https://preview.redd.it/mepgp6bi8z0f1.png?width=487&format=png&auto=webp&s=c301c926ffe88dabb8fe8e6f742107d079996bb5",reaction,https://www.reddit.com/r/DeadlockTheGame/comments/1kndcnf/sometimes_itll_be_like_that/
"Any tips on how to feed less?

I feel like I contribute pretty heavily to fights, often putting out solid damage - but since I’m in lower ranks a lot of the times my teammates can’t capitalize on the damage I do, leading to me feeding. I do concede that my weaknesses are: - Jumping into a fight too early with the enemy - Getting caught out in enemy jungle - Pushing a lane too far and dying once their team rotates MatchID’s in the comments.",reaction,https://www.reddit.com/r/DeadlockTheGame/comments/1kq1oqi/any_tips_on_how_to_feed_less/
"I finally found him, after all this time

John Pauselock, The Geist player paused the game the second we started the match.",reaction,https://www.reddit.com/r/DeadlockTheGame/comments/1kq1c7o/i_finally_found_him_after_all_this_time/
Your locked in here with me!,reaction,https://www.reddit.com/r/DeadlockTheGame/comments/1kq09pi/your_locked_in_here_with_me/
POV I havent played in 6 months and have no clue what I am doing,reaction,https://www.reddit.com/r/DeadlockTheGame/comments/1kpx32y/pov_i_havent_played_in_6_months_and_have_no_clue/
"Vindicta is so much fun

Been in love with this hero ever since I first launched the game. Her ult is absurdly satisfying.",reaction,https://www.reddit.com/r/DeadlockTheGame/comments/1kptg0v/vindicta_is_so_much_fun/
"sneaky

https://reddit.com/link/1kobnka/video/fy4e4t7ej71f1/player",reaction,https://www.reddit.com/r/DeadlockTheGame/comments/1kobnka/sneaky/
My best viscous moment yet,reaction,https://www.reddit.com/r/DeadlockTheGame/comments/1kpr6p1/my_best_viscous_moment_yet/
"my teammates

https://preview.redd.it/u5w7myz98z0f1.png?width=487&format=png&auto=webp&s=83f44b0480b310fd38039a9d2eeb5323770b6895",reaction,https://www.reddit.com/r/DeadlockTheGame/comments/1kndbk1/my_teammates/
"Whos a good Secondary for Sinclair?

I'm not really high level or anything I just play for fun, but after 250 hours of sinclair i start to get bored with him lol. Who do other Sinclair mains play to get the same feeling? I've tried calico and yamato so far but neither of them have clicked super hard.",reaction,https://www.reddit.com/r/DeadlockTheGame/comments/1kmx79v/whos_a_good_secondary_for_sinclair/
sometimes tracklock tells a story,reaction,https://www.reddit.com/r/DeadlockTheGame/comments/1kpnbn7/sometimes_tracklock_tells_a_story/
Probably the coolest move I ever did playing Yamato.,reaction,https://www.reddit.com/r/DeadlockTheGame/comments/1kpn3sy/probably_the_coolest_move_i_ever_did_playing/
IT'S BEEN ALMOST A YEAR WHY ARE THERE STILL NO DRAFTS VALVE,reaction,https://www.reddit.com/r/DeadlockTheGame/comments/1kpmtwv/its_been_almost_a_year_why_are_there_still_no/
"I was placed in a Seeker 3 game

https://preview.redd.it/718k9wzj671f1.png?width=1706&format=png&auto=webp&s=0e439102edd0fb8c66cd7c2a4136926978f593ec I hate this game",reaction,https://www.reddit.com/r/DeadlockTheGame/comments/1ko9xoo/i_was_placed_in_a_seeker_3_game/
"Did they immediately stealth patch the cube elevator?

https://reddit.com/link/1kmrltc/video/xs6b7fn5jt0f1/player I was so excited, I was gonna spread my protoplasmic cubes *everywhere*",reaction,https://www.reddit.com/r/DeadlockTheGame/comments/1kmrltc/did_they_immediately_stealth_patch_the_cube/
✨You cannot save someone who doesn't want to be saved ✨,reaction,https://www.reddit.com/r/DeadlockTheGame/comments/1kpjpuu/you_cannot_save_someone_who_doesnt_want_to_be/
"dude threw a tantrum and sat in base because he didn't get haze lol

https://preview.redd.it/co7sgncdms0f1.png?width=1775&format=png&auto=webp&s=cb7d05c0618598aeac19d64b5cbf3f1cd6cccee2 got to learn to laugh at this game, but also 2,600 hours and consistently doing this is wild. it's always a haze main though.",reaction,https://www.reddit.com/r/DeadlockTheGame/comments/1kmn3k6/dude_threw_a_tantrum_and_sat_in_base_because_he/
"Bro, that full Spirit Power Crow build must’ve been insanely annoying for the enemies",reaction,https://www.reddit.com/r/DeadlockTheGame/comments/1ko9wt9/bro_that_full_spirit_power_crow_build_mustve_been/
"Poker Game [Mo, Geist & Wraith]",reaction,https://www.reddit.com/r/DeadlockTheGame/comments/1kph7np/poker_game_mo_geist_wraith/
"One little Ivy, a rejuv, and a dream

https://reddit.com/link/1kpgjf5/video/cy9q28nqki1f1/player",reaction,https://www.reddit.com/r/DeadlockTheGame/comments/1kpgjf5/one_little_ivy_a_rejuv_and_a_dream/
"Ritualist in a Seeker 1 game

https://preview.redd.it/zjtolwgz571f1.png?width=1706&format=png&auto=webp&s=85e3cf8ba16733057c2acd98aed7d9710af54e05 Good lord",reaction,https://www.reddit.com/r/DeadlockTheGame/comments/1ko9uhr/ritualist_in_a_seeker_1_game/
"We stay silly despite the horrors

Match ID 35956849. One of the funniest games of deadlock I have had in a minute",reaction,https://www.reddit.com/r/DeadlockTheGame/comments/1kpfcyw/we_stay_silly_despite_the_horrors/
"Pockets

I think you've had enough mate",reaction,https://www.reddit.com/r/DeadlockTheGame/comments/1kpepme/pockets/
"New jungle creep

Tit",reaction,https://www.reddit.com/r/DeadlockTheGame/comments/1kpd6rl/new_jungle_creep/
"16 slots is too many, 12 is too few

I hope they experiment with 14 slots. I love the new way builds work but I swear I find myself always wanting 2 more slots when full kit, usually missing 2 mobility items that make the gameplay feel worse",reaction,https://www.reddit.com/r/DeadlockTheGame/comments/1kpbn3y/16_slots_is_too_many_12_is_too_few/
blue man gets stuck inside the wall,reaction,https://www.reddit.com/r/DeadlockTheGame/comments/1kp8g4u/blue_man_gets_stuck_inside_the_wall/
blue man ults and gets stuck inside the wall (gone wrong),reaction,https://www.reddit.com/r/DeadlockTheGame/comments/1kp8eys/blue_man_ults_and_gets_stuck_inside_the_wall_gone/
"To All the Teammates that flamed the hell out if me in that last Oracle Game

I had fun. This is why I play the game. You’re only hurting yourself by getting emotional about it. See you next lobby <3",reaction,https://www.reddit.com/r/DeadlockTheGame/comments/1ko4xza/to_all_the_teammates_that_flamed_the_hell_out_if/
blue man ults and gets stuck inside the wall,reaction,https://www.reddit.com/r/DeadlockTheGame/comments/1kp7go0/blue_man_ults_and_gets_stuck_inside_the_wall/
abrams ults and gets stuck inside the wall (gone wrong),reaction,https://www.reddit.com/r/DeadlockTheGame/comments/1kp7ahv/abrams_ults_and_gets_stuck_inside_the_wall_gone/
blue gimp ults and gets stuck inside the wall (gone wrong),reaction,https://www.reddit.com/r/DeadlockTheGame/comments/1kp79z1/blue_gimp_ults_and_gets_stuck_inside_the_wall/
"How does this magician feel?

for context the magician copies dynamo ult and is immediately stunned by wraith ult lol",reaction,https://www.reddit.com/r/DeadlockTheGame/comments/1kp56wa/how_does_this_magician_feel/
"New to the game and need help

I have never played any MOBA before I've always liked the concept of the maps the lanes the jungle but whenever I've tried anything like LoL or dota or even smite I didn't like how it was executed today I got my invite to the deadlock beta and I absolutely love it Im just having a bit of trouble and some questions How long is a normal game of deadlock? How do you kill a guardian? I just seemed to not be able to do it It just takes less dmg and it kills me up close Also the armory seems a bit confusing and it's different and seems less organized than the videos I saw it looks really complicated do you have any tips about how to navigate it I really liked playing Ivy and does any of you have any high dps from mid to long range character that is more relied on aim? I think that's what I'm looking for",reaction,https://www.reddit.com/r/DeadlockTheGame/comments/1kp3l8t/new_to_the_game_and_need_help/
"None of you seem to understand, I'm not locked in here with you, you're locked in here WITH ME",reaction,https://www.reddit.com/r/DeadlockTheGame/comments/1ko1uik/none_of_you_seem_to_understand_im_not_locked_in/
"How did McGinnis make this many turrets?

Seriously, how? It was hilarious, but was this just abusing items like refresher, or was she hacking? https://www.youtube.com/watch?v=SZBMAke8FZ8",reaction,https://www.reddit.com/r/DeadlockTheGame/comments/1kp1wgx/how_did_mcginnis_make_this_many_turrets/
"Uploaded my first YouTube video talking about the tech i've showed here already, tried to explain every thing i could in the video and recorded some new jumps to practice. showing support and sharing the video would be appreciated",reaction,https://www.reddit.com/r/DeadlockTheGame/comments/1ko0enz/uploaded_my_first_youtube_video_talking_about_the/
"I LOVE beating people to death

God ice frog please gimme more melee items the melee system in deadlock is so much fun everyone recommend me melee builds for your mains even unconventional characters like talon or haze",reaction,https://www.reddit.com/r/DeadlockTheGame/comments/1knzr9t/i_love_beating_people_to_death/
"Leap kelvin got hands

Welcome to the thunderdome",reaction,https://www.reddit.com/r/DeadlockTheGame/comments/1koyloy/leap_kelvin_got_hands/
"i'm tired boss

[you can win the 2v1, maybe not the 3.5v6](https://preview.redd.it/vu0nq24if31f1.png?width=1774&format=png&auto=webp&s=bb3976b7bfe074582799e95df4602319447d8bbc)",reaction,https://www.reddit.com/r/DeadlockTheGame/comments/1knuqb4/im_tired_boss/
"Kelvin hates HP, 0 sight Wraith and more. Just watch... (PC weak, so had to record in slo-mo)",reaction,https://www.reddit.com/r/DeadlockTheGame/comments/1koxky2/kelvin_hates_hp_0_sight_wraith_and_more_just/
"It was the wild west before the shop rework

I had an ivy build that did literally everything.... now im addicted to capacitor.",reaction,https://www.reddit.com/r/DeadlockTheGame/comments/1kntnsb/it_was_the_wild_west_before_the_shop_rework/
"The biggest thing from the new patch no one is talking about

Viscous has new voice lines when he dodges: “Weee!” “Dodge!” A bigly development for goo heads everywhere",reaction,https://www.reddit.com/r/DeadlockTheGame/comments/1kowifs/the_biggest_thing_from_the_new_patch_no_one_is/
Anyone else slightly upset that the zipline in the testing area doesn't go around in an endless circle and instead has these end points?,reaction,https://www.reddit.com/r/DeadlockTheGame/comments/1kntgon/anyone_else_slightly_upset_that_the_zipline_in/
"McGinnis is thinking about her next project

The next render will be of her delivering the urn, I swear.",reaction,https://www.reddit.com/r/DeadlockTheGame/comments/1kov72f/mcginnis_is_thinking_about_her_next_project/
YOU THINK YOU KNOW PAIN? TRY LANE WITH VYPER AS SHIV,reaction,https://www.reddit.com/r/DeadlockTheGame/comments/1kou54m/you_think_you_know_pain_try_lane_with_vyper_as/
"I’ve been building Support character for damage and I’ve been hard carrying my games.

I used to main only hard carry heroes like Seven and Haze, but I was never good. I was hard stuck in Ritualist and overall was just a mid player. I recently decided to switch things up and play some support characters. Kelvin, Dynamo, and Viscous specifically. I played lot of games as pure support on these guys and it was actually really fun. But my win rate and rank went down lol. So I recently tried building them as if they were hard carry characters. Mostly damage and sustain items, with the support as a nice bonus in my back pocket. And Jesus this play style is insane. Idk why but I’ve been having so much impact in my games it’s actually unreal. Like I never thought gun dynamo would be good but it was shredding. I just wanted to make this post to say: try things out! Try new builds or new heroes and you may find something you enjoy that you didn’t think you would :)",reaction,https://www.reddit.com/r/DeadlockTheGame/comments/1korx1l/ive_been_building_support_character_for_damage/
Tier List Based Off How I'd Survive Every Ability,reaction,https://www.reddit.com/r/DeadlockTheGame/comments/1kor9dc/tier_list_based_off_how_id_survive_every_ability/
"DEADLOCK GRAHHHHHH nice clips in here

Let me ask you, what if i offer you a game that could rizz your gyatt forever",reaction,https://www.reddit.com/r/DeadlockTheGame/comments/1kood77/deadlock_grahhhhhh_nice_clips_in_here/
"Nice hook 🤨

You can tell that I was completely lost after this hook.",reaction,https://www.reddit.com/r/DeadlockTheGame/comments/1komq95/nice_hook/
"I got to play Vegas and Lomeine

I’m in high archon/low oracle so I was surprised I got matched with these guys. It was an honor!",reaction,https://www.reddit.com/r/DeadlockTheGame/comments/1kohp1z/i_got_to_play_vegas_and_lomeine/
"Buy Decay.

https://preview.redd.it/v7o8xry9y11f1.png?width=2559&format=png&auto=webp&s=2623b151f6cf7f82b7669b1c0cb8fd5113c1b602 This Shiv was dominating our team (me specifically on Kelvin). I realized he was throwing decay on me on-sight, and this was the damage chart after. We won the game after I bought my own decay, lol https://preview.redd.it/yvau1zuny11f1.png?width=2559&format=png&auto=webp&s=ab9cf988803e15ff72ed0d3e9f99df32c4e13edf",reaction,https://www.reddit.com/r/DeadlockTheGame/comments/1knpqif/buy_decay/
"You can now surf in deadlock

I don't know if you could before, just something i found out.",reaction,https://www.reddit.com/r/DeadlockTheGame/comments/1knoyis/you_can_now_surf_in_deadlock/
"NEW SCOURGE STOMP BUILD GOES NUTS

[https://www.youtube.com/watch?v=p5IvAXalfcM](https://www.youtube.com/watch?v=p5IvAXalfcM) its so good",reaction,https://www.reddit.com/r/DeadlockTheGame/comments/1knnrx8/new_scourge_stomp_build_goes_nuts/
"Deadlocks Least Toxic Playern

https://youtu.be/wejMCe3hjw4?si=ZuH3BA-YxTQeSJsy Anyone get into games like these ? Seems to be prevalent in this game.",reaction,https://www.reddit.com/r/DeadlockTheGame/comments/1kmmn8j/deadlocks_least_toxic_playern/
"Shiv does not prefer the goo

He wasn't very happy",reaction,https://www.reddit.com/r/DeadlockTheGame/comments/1kof4j6/shiv_does_not_prefer_the_goo/
"Just uploaded my first YouTube video, explaining the tech that I've posted here before, since there was a lot of question I tried to explain everything I could in the video, showing support and sharing the video would be appreciated.",reaction,https://www.reddit.com/r/DeadlockTheGame/comments/1knmqr0/just_uploaded_my_first_youtube_video_explaining/
THE LASH does NOT concern himself with child support.,reaction,https://www.reddit.com/r/DeadlockTheGame/comments/1kod1cx/the_lash_does_not_concern_himself_with_child/
"Back to back Counterspell, this item's crazy fun",reaction,https://www.reddit.com/r/DeadlockTheGame/comments/1kocviq/back_to_back_counterspell_this_items_crazy_fun/
